Distance (km),altitude(meters)
0,84.7
0,84.7
0.003,84.7
0.007,84.7
0.013,84.7
0.022,84.8
0.033,84.8
0.046,84.8
0.061,84.8
0.078,84.8
0.097,84.7
0.117,84
0.14,83
0.164,81.9
0.188,81.5
0.215,81.2
0.243,80.7
0.272,80.3
0.303,79.9
0.335,78.3
0.37,77.1
0.406,76.3
0.442,76
0.48,74.2
0.519,72.5
0.558,71.1
0.598,69.5
0.639,67.8
0.681,66.6
0.722,66.1
0.764,63.9
0.807,61.7
0.85,59.1
0.893,56.2
0.936,52
0.98,47.1
1.024,41.7
1.069,37.3
1.115,34.4
1.159,34.6
1.202,35.7
1.245,37.5
1.287,39.2
1.329,39.8
1.37,40.9
1.411,41.8
1.452,42.8
1.493,44
1.534,43.4
1.575,43.8
1.615,44.5
1.656,43.8
1.697,43
1.738,41.1
1.779,39.1
1.819,36.8
1.861,34.8
1.902,33
1.939,30
1.971,26.6
2.001,24
2.027,22.2
2.048,20.8
2.067,19.8
2.084,19.1
2.099,18.1
2.112,16.8
2.124,15.3
2.136,14.1
2.15,14.4
2.164,15
2.181,15.8
2.2,16.7
2.221,17.9
2.243,19.2
2.266,19.6
2.29,20
2.315,19.9
2.341,20
2.369,19.7
2.398,19.8
2.428,20.3
2.458,20.8
2.491,20.1
2.526,19.7
2.56,20.6
2.594,21.7
2.633,22.5
2.672,22.8
2.707,22.8
2.744,23.1
2.763,22.7
2.782,22.1
2.8,22.3
2.819,22.3
2.839,22.2
2.86,24.1
2.88,25.8
2.902,26.3
2.926,26.5
2.95,26.7
2.975,26.8
3.002,26.9
3.03,26.5
3.059,26
3.089,25.8
3.12,26.6
3.151,27.1
3.183,27.8
3.216,28.6
3.25,29.2
3.285,31.3
3.321,32.1
3.357,31
3.394,29.6
3.432,29.3
3.47,29.3
3.509,30.6
3.549,32
3.589,34.9
3.63,36.5
3.67,35.9
3.71,33.8
3.751,32.5
3.791,31.7
3.832,31.5
3.873,31.3
3.914,33.4
3.955,36.4
3.996,39
4.037,39.3
4.077,39
4.117,39
4.156,38.1
4.193,36.5
4.227,34.1
4.259,31.4
4.289,29.3
4.318,27.8
4.346,27
4.375,27.1
4.406,27.7
4.438,29
4.472,30.3
4.507,31.4
4.543,31.3
4.581,30.9
4.619,30.7
4.658,29.6
4.697,28.8
4.737,28.8
4.777,31.7
4.818,34.9
4.859,37.8
4.9,39.1
4.94,40
4.981,40.9
5.022,42.1
5.063,44
5.103,45.1
5.144,46.2
5.184,47.9
5.225,49.3
5.266,50.7
5.307,52.9
5.348,56
5.388,59.5
5.429,61.3
5.469,61.7
5.51,62.5
5.55,64.3
5.59,66.8
5.63,69.3
5.671,67.5
5.712,65
5.753,62.4
5.794,61.8
5.835,62
5.876,62.4
5.917,62.9
5.958,63
5.999,62.9
6.039,62.9
6.08,62.5
6.121,62.2
6.161,62.1
6.201,61.4
6.241,61.1
6.28,60.2
6.32,59.1
6.361,57.9
6.402,57.1
6.442,56.2
6.483,54.9
6.524,52.5
6.566,50.9
6.607,49.9
6.648,48.4
6.69,47.3
6.732,46.3
6.774,46.2
6.816,46.6
6.858,47.9
6.9,48.9
6.942,49
6.983,49.1
7.024,49.7
7.065,49.8
7.106,49
7.147,48.8
7.188,49.5
7.228,48.7
7.269,47
7.31,47.1
7.351,47.5
7.392,47.5
7.433,48.1
7.474,48.7
7.515,49.1
7.556,49.8
7.597,50.4
7.638,50.6
7.679,50.6
7.721,51
7.762,52.5
7.803,54.6
7.844,57.3
7.885,60.2
7.926,61.7
7.966,62.6
8.007,64.2
8.048,66.1
8.088,66.5
8.129,67.7
8.17,69.1
8.21,69.1
8.251,68.4
8.291,68.4
8.331,68
8.372,66.4
8.412,64.1
8.452,61.6
8.492,59.8
8.533,58.3
8.574,57.5
8.615,56
8.657,54.4
8.698,52.2
8.74,50.8
8.782,51.2
8.824,52
8.866,52.4
8.909,52.5
8.951,53.5
8.993,54.2
9.035,54.6
9.076,56.3
9.117,58.1
9.158,59.3
9.2,62.2
9.24,64.4
9.28,65.1
9.32,65.4
9.359,67.3
9.397,67.6
9.434,66.3
9.47,64.9
9.506,64.2
9.541,64.7
9.576,64.1
9.61,63.2
9.645,61.4
9.681,60.3
9.718,60
9.756,61.6
9.795,61.9
9.834,61.5
9.874,61.1
9.914,62.6
9.954,62.9
9.993,61.5
10.033,59.3
10.072,58.1
10.112,57.3
10.152,56.7
10.192,56.2
10.232,55.6
10.272,55.2
10.313,54.6
10.352,53.7
10.393,52.5
10.434,54.4
10.475,55.2
10.516,56.2
10.557,57.6
10.598,58.9
10.637,59.8
10.674,59.6
10.709,58.9
10.743,58.1
10.779,57.6
10.814,57.2
10.852,57.3
10.89,57
10.929,56.3
10.97,54.9
11.01,55.1
11.051,55.7
11.092,56.4
11.133,56
11.174,55.6
11.215,55.3
11.257,54.9
11.298,54.6
11.339,53.9
11.381,53.7
11.422,53.5
11.464,53.6
11.505,52.8
11.546,51.7
11.587,51
11.627,51.4
11.668,52
11.709,52.7
11.749,52.1
11.791,51.1
11.832,51.3
11.873,51.3
11.914,50
11.955,49
11.996,47.7
12.037,47.1
12.079,46.3
12.12,46
12.162,47.2
12.204,49.4
12.246,49.8
12.284,50
12.318,50.3
12.348,50.7
12.375,51.8
12.398,53
12.419,54.2
12.439,55.5
12.459,57.1
12.481,58.6
12.504,60
12.527,61.5
12.551,63
12.574,64
12.601,65.1
12.628,66.2
12.655,67.4
12.684,68.7
12.713,69.9
12.743,70.8
12.773,70.5
12.804,69.7
12.834,68.1
12.864,66.6
12.896,65
12.932,63
12.971,62.8
13.01,63.6
13.051,64.3
13.092,64.9
13.134,66.1
13.176,67
13.217,67.6
13.259,67
13.301,65
13.344,64
13.386,64
13.428,64
13.468,64.8
13.506,64.7
13.546,65.8
13.585,68.4
13.625,68.3
13.666,71.7
13.706,74.4
13.746,76.5
13.786,79.7
13.826,82.8
13.857,85.1
13.888,86.2
13.919,85.8
13.95,85.9
13.981,86.1
14.01,86.6
14.039,86.6
14.068,87.5
14.098,89
14.128,89.5
14.158,88.7
14.189,87.6
14.216,84.7
14.246,82.1
14.269,80.2
14.302,77.2
14.339,77.8
14.371,78.3
14.402,80
14.432,85.6
14.464,92.3
14.496,97.7
14.528,100.2
14.563,100.7
14.597,104.2
14.632,105.2
14.668,102.6
14.703,99.3
14.739,94.5
14.772,94.4
14.803,96.3
14.841,99.1
14.878,97.7
14.917,101.3
14.958,103.3
15.001,100
15.039,106.9
15.08,114.8
15.12,120.9
15.164,115.6
15.207,110.3
15.247,109.7
15.286,109.7
15.325,107.2
15.364,110.4
15.402,111.3
15.439,109.9
15.475,109.9
15.51,109.1
15.546,108.5
15.581,108.2
15.615,110.2
15.647,111
15.678,115.6
15.707,121.2
15.734,125.4
15.761,128
15.79,131.2
15.826,132.5
15.862,130.5
15.897,127.3
15.923,126.9
15.952,127.3
15.981,126.4
16.013,125.5
16.045,128
16.072,128.9
16.095,130
16.116,132
16.139,133.7
16.163,134.8
16.188,135.3
16.213,135.5
16.237,137.5
16.261,138.6
16.288,138.8
16.317,140.9
16.347,142.8
16.377,144.2
16.407,146.1
16.439,148.2
16.47,150.8
16.501,153.4
16.532,155.8
16.564,158.3
16.597,160.4
16.631,161.8
16.666,162.9
16.701,164.2
16.736,166.2
16.773,167.9
16.809,168.7
16.846,169.6
16.884,170.7
16.921,171.8
16.96,172.7
16.998,173.1
17.038,172.9
17.078,172
17.119,171.2
17.16,170.7
17.202,170.2
17.244,171.5
17.286,173.2
17.327,174.4
17.368,174.6
17.41,174.8
17.451,175.2
17.492,175.4
17.534,175.5
17.576,177.9
17.617,180
17.659,181.5
17.7,182.3
17.741,182.8
17.782,182.6
17.824,181.7
17.865,180.8
17.906,178.8
17.948,175.9
17.99,174.1
18.032,172.9
18.074,172.1
18.117,170.6
18.159,169.1
18.201,168
18.243,167.4
18.285,166.4
18.327,165.7
18.368,165.1
18.409,165.2
18.45,165.2
18.491,164.6
18.531,163.1
18.57,162.4
18.609,162
18.648,161.8
18.687,162.8
18.726,163.8
18.766,165.3
18.806,165.8
18.846,165.2
18.886,164.4
18.927,164.2
18.968,163.7
19.009,163.8
19.05,163.2
19.092,162
19.134,160.4
19.175,160
19.217,158.8
19.258,157.3
19.298,156.9
19.338,156.9
19.378,156.7
19.418,156
19.459,154.1
19.5,152.8
19.541,151
19.583,149
19.624,147.9
19.666,146.6
19.707,144.9
19.749,142.9
19.791,140.8
19.833,138.4
19.874,135.9
19.916,136
19.958,135.7
20,135.5
20.042,135.5
20.085,135.5
20.127,135.3
20.169,135
20.211,134.1
20.253,133.1
20.295,132.2
20.337,131.6
20.378,131.7
20.42,131.5
20.462,131
20.504,130.7
20.545,130.1
20.586,128.7
20.627,127.2
20.668,125.3
20.709,122
20.75,118.5
20.791,115
20.833,111.3
20.875,106.9
20.917,102.1
20.959,98.5
21.002,97.4
21.044,96.4
21.087,94.2
21.129,91.8
21.172,90.3
21.214,88.9
21.256,87.9
21.297,87.1
21.339,86.5
21.381,86.2
21.423,86.2
21.465,86.8
21.507,87.3
21.548,87.9
21.59,88.2
21.632,87.9
21.674,87.2
21.716,87.2
21.758,87.4
21.798,86.7
21.838,84.9
21.876,83.7
21.914,82.7
21.952,81.1
21.992,78.4
22.031,76.1
22.071,73.6
22.111,73.9
22.15,74
22.19,73.3
22.229,71.9
22.267,69.9
22.306,70
22.345,69
22.385,68.4
22.426,68.4
22.468,67.5
22.509,66.9
22.551,67.2
22.592,67.3
22.633,66.5
22.674,63.4
22.716,59.6
22.758,57.6
22.8,55.7
22.842,54
22.884,53.1
22.923,51.7
22.959,50.2
22.994,49.3
23.026,47.8
23.059,46.7
23.09,46
23.122,45.3
23.156,44.2
23.191,43.2
23.227,41.7
23.264,39.8
23.303,37.8
23.343,37
23.383,36.5
23.424,36.6
23.465,36.9
23.506,36.9
23.547,35.4
23.589,33.4
23.631,32
23.673,31
23.715,30.4
23.757,30.5
23.799,31.7
23.84,32.7
23.881,33.7
23.922,35.5
23.963,36.8
24.004,37
24.044,37.5
24.085,37.9
24.126,37.8
24.166,37.4
24.207,37
24.247,36.4
24.288,36.1
24.329,35.7
24.37,35.3
24.411,35.2
24.452,36
24.492,37
24.533,37.8
24.573,38
24.613,38
24.653,37.6
24.694,37.6
24.734,37.8
24.774,37.9
24.814,37.4
24.854,36.3
24.894,35.4
24.935,34.7
24.976,33
25.017,31.6
25.058,31
25.1,30.5
25.143,30.1
25.185,29.3
25.226,28.9
25.266,29.4
25.308,31.4
25.349,33.8
25.39,36.9
25.43,37.3
25.471,37.5
25.512,37.6
25.553,36.8
25.594,36.8
25.635,37.4
25.676,37.9
25.716,38.4
25.756,37.9
25.797,36.9
25.837,36.2
25.878,36.1
25.919,36.2
25.96,36.2
26.001,36.3
26.042,36.3
26.083,35.2
26.124,34.6
26.165,34.1
26.207,34.5
26.248,34.8
26.289,34.8
26.33,34.8
26.371,34.9
26.412,34.6
26.453,33.9
26.494,32.9
26.535,32.2
26.577,32.4
26.617,32.9
26.658,33.3
26.699,33.2
26.74,32.6
26.781,32
26.822,32.1
26.863,32.6
26.903,33
26.944,33.2
26.985,32.9
27.026,32.6
27.067,32.4
27.108,31.8
27.149,31.1
27.19,30.3
27.231,29.9
27.272,30.2
27.314,31.3
27.355,31.4
27.396,31.4
27.437,31.4
27.478,32.6
27.519,33
27.559,33
27.594,33
27.624,33.3
27.649,33.8
27.67,34.2
27.687,34.6
27.702,34.8
27.72,35.1
27.739,35.3
27.759,35.6
27.78,35.9
27.802,35.4
27.826,34.8
27.851,34.1
27.877,33.5
27.905,32.9
27.934,32.5
27.964,32.2
27.996,32
28.029,31.8
28.062,31.2
28.097,30.5
28.134,29.5
28.17,29.5
28.208,29.6
28.246,29.7
28.285,29.7
28.324,29.5
28.364,29.3
28.405,29.9
28.446,29.2
28.487,27.9
28.529,26.6
28.57,26
28.612,26.3
28.654,26.8
28.695,27.4
28.736,27.8
28.776,28.7
28.816,29.6
28.856,30
28.897,29.1
28.937,27.8
28.978,27.7
29.019,27.5
29.06,27.4
29.102,26.1
29.143,25.5
29.185,24.9
29.227,24.2
29.268,24.3
29.309,24.3
29.351,23.8
29.392,23.4
29.433,23.5
29.475,23.9
29.516,24
29.558,22.9
29.599,21.8
29.641,20.9
29.683,20.4
29.724,19.7
29.765,19.4
29.806,20.2
29.847,20.7
29.887,22.2
29.928,25.5
29.968,30.8
30.008,34.9
30.047,35.4
30.086,34.3
30.125,35
30.165,37.8
30.204,39.5
30.245,37.8
30.285,34.3
30.325,29.3
30.366,23.1
30.407,20.3
30.447,19.3
30.488,18.7
30.528,19.4
30.569,20.2
30.61,20.7
30.651,21.1
30.692,21.6
30.733,22
30.774,22
30.815,22.7
30.856,22.9
30.896,22.5
30.937,22.4
30.978,22.9
31.019,24.1
31.06,25
31.101,24.9
31.142,24.6
31.183,24.4
31.224,24.1
31.265,23.6
31.306,22.8
31.348,22.5
31.389,22.4
31.43,22.5
31.471,23.2
31.513,24.2
31.554,23.3
31.595,20.6
31.637,19.7
31.679,19.7
31.72,19.8
31.762,20
31.803,20.3
31.845,20.1
31.886,19
31.928,18.2
31.969,18
32.011,17.8
32.052,17
32.094,16.8
32.135,16.6
32.177,16.4
32.218,16.6
32.26,16.5
32.299,16.2
32.333,15.8
32.361,15.7
32.384,15.7
32.403,15.5
32.42,15.3
32.436,15.2
32.453,15
32.473,14.9
32.494,14.8
32.516,15
32.54,15.2
32.564,15.6
32.591,15.8
32.618,16.6
32.646,18
32.675,20
32.704,21.8
32.733,23.9
32.763,25.8
32.793,27.8
32.823,29.1
32.854,31
32.886,32.8
32.919,34.1
32.953,34.7
32.988,34.5
33.024,32.9
33.06,30.3
33.095,26.8
33.129,24.2
33.161,22.1
33.192,21.4
33.222,20.8
33.252,20.6
33.282,20.3
33.313,20
33.344,20.3
33.375,21
33.406,21.7
33.44,23.1
33.475,24.5
33.511,25.2
33.548,25.5
33.584,25.1
33.622,24.6
33.66,24.1
33.7,23.9
33.74,23.2
33.78,23
33.82,23.3
33.86,24.2
33.901,24.3
33.941,23.8
33.981,22.3
34.022,21.4
34.063,20.7
34.104,20.1
34.144,20.1
34.185,20.9
34.226,22.1
34.267,23.4
34.308,21.4
34.35,22.3
34.391,23.9
34.432,26.5
34.474,27.8
34.515,26.8
34.556,23.4
34.597,22.4
34.638,22.4
34.678,23
34.719,24.1
34.76,25.1
34.801,25.6
34.842,26.3
34.882,28
34.922,28.2
34.961,29.4
34.999,30.8
35.036,29.5
35.073,27.9
35.108,25.5
35.141,23.7
35.171,22.2
35.201,21.8
35.228,21.9
35.256,23.1
35.284,23.9
35.314,25.2
35.345,25.8
35.378,25
35.411,23.3
35.446,21.6
35.482,19.9
35.519,19.1
35.556,19.7
35.595,22.1
35.634,24
35.673,24.9
35.713,24.6
35.753,23.2
35.794,22.5
35.834,23.1
35.875,25
35.916,23.6
35.956,21.5
35.997,20
36.038,19.9
36.079,20.3
36.121,20.7
36.162,19.6
36.204,21.2
36.245,23.9
36.287,26.4
36.329,26.9
36.37,26.9
36.411,26.2
36.451,24.5
36.492,22.3
36.532,19.1
36.572,15.8
36.612,13
36.652,11.7
36.692,12.3
36.731,14.4
36.77,16.4
36.809,17.4
36.849,17.5
36.888,16.3
36.928,15.4
36.968,15.2
37.009,15.9
37.049,17.6
37.09,18.2
37.131,18.2
37.172,17.4
37.213,16.2
37.254,17
37.294,17.5
37.334,17.3
37.375,14.7
37.416,13.7
37.457,12.7
37.499,11.5
37.54,10
37.582,9.2
37.623,9.3
37.665,10.2
37.706,10.9
37.747,9.8
37.787,9.1
37.826,9.1
37.866,9.6
37.905,9.5
37.944,8.9
37.983,8.4
38.022,8.4
38.062,8.7
38.103,8.8
38.141,8.6
38.177,7.8
38.209,7.1
38.236,6.6
38.259,6.7
38.277,6.9
38.291,7
38.304,7
38.315,7
38.327,7
38.341,7
38.357,7
38.373,6.9
38.392,6.8
38.412,6.8
38.434,6.7
38.456,6.5
38.479,6.1
38.505,6.3
38.532,6.7
38.559,7.2
38.588,7.7
38.617,8
38.647,8.9
38.676,10.6
38.704,12.8
38.731,15.2
38.758,18
38.785,20.9
38.811,23.5
38.838,24.8
38.866,25.1
38.895,25.8
38.924,26.8
38.953,27.3
38.981,27.6
39.009,27.9
39.036,27.8
39.063,27.6
39.091,27.3
39.12,27.3
39.151,28.6
39.182,30.2
39.214,32.4
39.245,37.7
39.276,41.9
39.307,44.5
39.338,50.6
39.369,55.6
39.399,59
39.425,61.1
39.445,63.1
39.459,65.4
39.471,68.1
40.369,70.9
40.399,73.2
39.491,74.5
39.499,74.9
39.509,74.7
39.521,73.8
39.533,73.2
39.548,73.2
39.563,73.6
39.578,74.2
39.595,75.2
39.614,76.3
39.633,77.6
39.654,79.2
39.675,81.3
39.697,83
39.719,85.2
39.741,86.7
39.763,88
39.785,88.5
39.807,89.3
39.83,87
39.854,88.7
39.879,90.8
39.906,91.5
39.933,90.7
39.96,90.2
39.989,90.7
40.019,93.9
40.047,94
40.075,93.1
40.1,92.3
40.119,92.8
40.137,94.5
40.151,97.4
40.166,101.6
40.182,105.3
40.199,107.4
40.217,109.4
40.237,111.6
40.257,113.9
40.279,115.3
40.3,116.9
40.322,118.9
40.345,121.2
40.368,123.5
40.394,125.4
40.419,126.5
40.445,127.2
40.471,127.9
40.497,128.7
40.526,129.5
40.556,130.6
40.587,132
40.618,133.5
40.65,135.5
40.683,138.4
40.714,141.3
40.745,143.4
40.777,145
40.807,147.2
40.837,150.5
40.867,154.5
40.896,157.8
40.926,160.5
40.954,162.4
40.983,163.6
41.01,164.4
41.035,165.9
41.055,168.1
41.072,170.3
41.087,172.7
41.099,174.5
41.111,175.8
41.124,176.6
41.138,177.3
41.153,178.4
41.169,179.6
41.186,181
41.203,182.6
41.221,184.5
41.24,186.5
41.259,188.4
41.279,189.5
41.3,190.7
41.321,191.8
41.343,192.9
41.365,194.2
41.388,195.7
41.411,197.3
41.436,198.4
41.461,199.4
41.487,201
41.512,203.2
41.539,205.6
41.565,208.4
41.592,211.5
41.619,214.3
41.646,216.7
41.673,218.9
41.7,221.1
41.727,223.3
41.755,225.7
41.782,228.1
41.81,230.8
41.839,233.5
41.868,235.9
41.897,238.2
41.926,240.7
41.956,243.2
41.986,245.7
42.016,248.3
42.046,250.9
42.077,252.8
42.107,254.9
42.138,257
42.169,258.6
42.201,260.2
42.234,261.8
42.266,263.3
42.299,265.4
42.332,267.2
42.365,269
42.399,271.4
42.433,274
42.467,277
42.501,279.7
42.535,282.5
42.57,285.1
42.604,287.5
42.639,289.9
42.674,292.1
42.709,294.1
42.744,296.5
42.778,299.1
42.814,300.4
42.849,302.6
42.884,305.2
42.918,308.2
42.952,310.5
42.987,313.1
43.022,316.1
43.057,319.6
43.091,322.4
43.123,325.4
43.153,328.4
43.182,332.4
43.208,336.1
43.231,337.8
43.255,338.8
43.28,340.1
43.305,340.9
43.331,342.2
43.358,343.5
43.385,344.9
43.413,346.3
43.442,346.8
43.47,347.4
43.499,348.6
43.528,349.9
43.558,351.7
43.589,352.9
43.62,352.8
43.653,352.6
43.686,352.8
43.719,353.2
43.753,353.4
43.788,354.8
43.823,355.5
43.859,356.6
43.896,357.6
43.933,358.2
43.97,358.8
44.008,359.1
44.046,359.7
44.085,360.5
44.124,360.8
44.163,361.4
44.203,362.5
44.243,363.3
44.283,363.6
44.324,363.4
44.364,364.5
44.404,366
44.444,366.2
44.485,366.6
44.525,367.3
44.565,367.8
44.605,369.8
44.645,372
44.686,372.5
44.726,373.4
44.766,375
44.806,375.9
44.846,376.8
44.886,377.4
44.926,378
44.966,378.4
45.006,378.6
45.046,379.5
45.086,379.5
45.126,379.4
45.166,380.2
45.206,381
45.246,382.3
45.286,384.1
45.326,384.8
45.365,385.3
45.405,388
45.445,390
45.485,390.3
45.525,390.6
45.565,390.8
45.606,392.6
45.646,394.5
45.686,396.7
45.726,397.1
45.766,397.5
45.806,398.4
45.846,399.3
45.886,400.1
45.925,400.2
45.964,400.5
46.003,400.6
46.043,400.9
46.082,402.1
46.121,403.2
46.159,404
46.195,404.3
46.23,404.9
46.264,405.6
46.298,405.3
46.331,405.7
46.364,405.7
46.397,405.8
46.431,406.2
46.466,406.9
46.501,407.9
46.537,408.8
46.574,409.4
46.613,409.9
46.652,410.5
46.691,411.3
46.73,412
46.77,412.9
46.81,414
46.851,415.5
46.891,417
46.931,418.1
46.971,418.7
47.011,419.6
47.051,420.4
47.092,420.8
47.132,420.9
47.173,421.2
47.213,421
47.252,420.4
47.292,419.7
47.331,419.7
47.371,420.3
47.411,419.7
47.451,419.8
47.491,420.2
47.532,420.1
47.572,420.8
47.611,421.3
47.649,421.9
47.688,422.5
47.726,423.1
47.765,422.8
47.804,422.4
47.843,422.4
47.883,421.8
47.923,420.1
47.963,419
48.004,418.8
48.044,419.8
48.084,419.8
48.124,419.3
48.164,419.7
48.203,418.6
48.242,418.7
48.282,418.8
48.322,417.8
48.363,416.7
48.403,415.4
48.444,416.2
48.484,417
48.525,417.8
48.565,418.4
48.606,418.3
48.646,417.7
48.686,417.8
48.727,417.4
48.767,416.7
48.807,416.5
48.847,415.9
48.887,415.5
48.926,415.4
48.963,415.8
48.999,417.1
49.035,418.8
49.071,418.8
49.107,418.3
49.145,417.6
49.183,416.9
49.223,416.9
49.263,417.3
49.303,416.2
49.343,415.5
49.382,415
49.422,413.9
49.462,412.8
49.502,411.6
49.541,411.5
49.58,412.1
49.615,413.4
49.649,413.8
49.68,413.6
49.708,411.8
49.734,410.3
49.761,410.2
49.788,409.9
49.816,409.4
49.845,410.6
49.875,412
49.907,413
49.939,413.9
49.972,414.9
50.006,415.9
50.04,417
50.075,418
50.111,418.5
50.147,418.7
50.183,418.9
50.22,419.5
50.258,420.6
50.296,421.4
50.334,422.8
50.373,424.3
50.412,425.2
50.451,426
50.49,426.7
50.529,426.7
50.569,426.5
50.609,426.3
50.648,425.9
50.688,426.1
50.728,426.4
50.767,425.9
50.805,425.4
50.842,424.4
50.877,424.6
50.911,424.4
50.942,424.2
50.973,422.5
51.005,420.4
51.038,418
51.072,416.2
51.107,414.6
51.144,413.1
51.181,412.1
51.22,411.4
51.259,410.9
51.299,410.3
51.339,409.5
51.379,408.5
51.421,406.9
51.462,404.8
51.503,402.4
51.544,399.8
51.584,398.1
51.624,397
51.662,396.5
51.701,396.8
51.739,395.5
51.777,394.4
51.815,393.2
51.853,391.7
51.891,390.9
51.93,389.3
51.97,387.2
52.01,384.9
52.051,383.4
52.092,381.5
52.134,380
52.175,378.7
52.216,377.4
52.254,375.3
52.291,373.7
52.325,372.5
52.357,371.7
52.389,371.3
52.422,370.4
52.456,370.7
52.492,371.2
52.528,370.6
52.566,369.5
52.606,367.6
52.645,365.1
52.685,364.2
52.725,362.9
52.765,361.6
52.805,360.5
52.846,358.3
52.886,356.5
52.926,355
52.966,353.9
53.007,353.9
53.047,354
53.088,354.1
53.129,354
53.17,352.7
53.21,351.3
53.251,350.9
53.292,350.5
53.332,349.3
53.373,347.2
53.413,345
53.453,343.8
53.493,342.4
53.533,341.4
53.573,341.4
53.612,340.3
53.651,338.9
53.689,337.3
53.727,335.4
53.765,334.2
53.803,333.2
53.841,332.8
53.879,333.3
53.917,331.4
53.956,329.6
53.995,328.4
54.035,327.9
54.075,326.9
54.116,326.6
54.156,326
54.196,325
54.235,323.6
54.272,322
54.305,320.7
54.337,320
54.366,320.1
54.393,320.3
54.42,320.6
54.449,320.5
54.479,318.9
54.51,317.2
54.543,314.5
54.577,310.1
54.614,306.3
54.652,301.8
54.691,297.4
54.73,294.1
54.77,290.9
54.811,287.5
54.852,284.3
54.895,280.5
54.938,275.4
54.981,271.3
55.024,267.9
55.067,264.1
55.11,260.2
55.154,256.7
55.196,254.6
55.238,252.3
55.281,250
55.323,247.1
55.365,243.8
55.407,242.3
55.442,242.2
55.474,242
55.501,241.5
55.524,240.5
55.544,239.4
55.562,238.2
55.581,236.8
55.602,235.2
55.624,233.7
55.649,231.5
55.675,229.1
55.703,226.6
55.733,224.3
55.765,223.1
55.799,221.6
55.834,219.6
55.871,217.4
55.909,215.3
55.948,213.6
55.987,211.6
56.027,209.1
56.067,207.3
56.107,207
56.148,206.3
56.188,205.1
56.229,203.7
56.27,202.2
56.311,200.6
56.352,199.3
56.393,198
56.434,196.5
56.474,194.9
56.515,191.9
56.556,189
56.597,186.3
56.639,183.6
56.68,181.2
56.721,179
56.763,176.7
56.805,173.6
56.846,170.3
56.887,167.5
56.929,165
56.97,163
57.01,161.7
57.051,160.2
57.091,157.8
57.131,155
57.169,153.6
57.207,152.1
57.245,149.9
57.284,147.1
57.323,144.3
57.363,142.2
57.405,139.6
57.446,136.8
57.487,134.1
57.528,131.8
57.571,129.9
57.612,127.9
57.654,125.2
57.695,122.8
57.737,120.8
57.778,118.8
57.819,117.3
57.86,116.7
57.901,116.6
57.941,118.3
57.981,119.9
58.021,121.3
58.059,122.5
58.098,123.7
58.136,124.8
58.175,125.9
58.214,126.5
58.252,127.2
58.29,127.8
58.329,128.1
58.368,128.4
58.407,130.2
58.446,132.5
58.484,133.7
58.522,134.3
58.559,135.1
58.596,135.5
58.632,136
58.669,136.7
58.705,137.3
58.742,137.6
58.779,137.4
58.816,137.2
58.854,137
58.891,137
58.924,136.4
58.952,135.5
58.976,134.6
58.996,133.7
59.014,132.4
59.032,130.8
59.05,129
59.07,127.1
59.093,125.5
59.117,123.9
59.142,122.3
59.17,120.8
59.2,119.4
59.23,117.5
59.26,115.4
59.291,113.6
59.322,112.2
59.353,110.5
59.385,108.6
59.42,107.4
59.454,105.8
59.49,103.8
59.528,102.2
59.565,100.9
59.598,100
59.628,99.7
59.655,99.4
59.68,99.2
59.704,98.6
59.729,97.5
59.756,96.4
59.785,95.1
59.815,93.9
59.843,92.6
59.872,91.4
59.9,90.3
59.919,89.6
59.935,88.9
59.947,88.4
59.956,87.9
59.962,87.5
59.967,87.2
59.973,87.2
59.979,87.4
59.989,87.9
60,88.4
60.011,89
60.023,89.6
60.034,89.9
60.046,89.9
60.057,90
60.074,89
60.091,88.2
60.108,87.6
60.127,87.1
60.146,86.9
60.168,86.4
60.19,85.4
60.213,85.1
60.237,85.1
60.262,85.6
60.288,86.1
60.315,86.4
60.342,86.9
60.371,87.2
60.4,86.9
60.431,86.7
60.462,86.7
60.493,86.8
60.525,86.7
60.557,86.4
60.59,85.8
60.624,85.3
60.658,84.7
60.692,84.7
60.728,84.6
60.763,84.7
60.798,84.8
60.833,84.1
60.867,82.5
60.899,81.6
60.93,81.2
60.958,80.8
60.984,80.3
61.008,80.1
61.03,79.4
61.051,78.4
61.069,77.7
61.086,77.1
61.101,76.7
61.113,76.4
61.124,76.3
61.132,76.1
61.139,76.1
61.144,76
61.148,75.9
61.152,75.8
61.155,75.8
61.159,75.9
61.162,76
61.163,76
61.163,76
61.163,76
61.163,76
61.163,76
61.163,76
61.163,76
61.163,76
61.163,76
61.163,76
61.163,76
61.163,76
61.163,76
61.163,76
61.163,76
61.163,76
61.163,76
61.163,76
61.163,76
61.163,76
61.163,76
61.163,76
61.163,76
61.163,76
61.163,76
61.163,76
61.163,76
61.163,76
61.166,76
61.17,76.1
61.175,76.2
61.181,76.3
61.187,76.4
61.194,76.6
61.202,76.8
61.211,77
61.22,77.3
61.229,77.6
61.238,78
61.248,78.4
61.258,78.9
61.269,79.4
61.279,79.7
61.289,80
61.299,80.1
61.309,80.2
61.319,80.3
61.328,80.5
61.338,80.6
61.346,80.7
61.355,80.8
61.363,80.9
61.371,81
61.379,81.1
61.387,81.2
61.394,81.3
61.402,81.4
61.409,81.7
61.416,82
61.422,82.2
61.428,82.5
61.433,82.7
61.439,82.9
61.444,83.2
61.451,83.4
61.457,83.7
61.462,83.9
61.465,84.1
61.467,84.1
61.467,84.1
